{"test_acc": 76.11, "test_acc_top5": 94.09, "best_acc": 76.45, "epoch": 240, "temp": "2.75015926361084", "decay_value": -1.0, "loss_ce": 0.2677126766872406, "loss_kl": 1.6851080443572999, "loss_kd": 3.439912443847656, "train_loss": 23.330304884033204, "_timestamp": 1729046537.5734353, "_runtime": 5626.622889280319, "_step": 239, "_wandb": {"runtime": 5620}}