{"test_acc": 75.77, "test_acc_top5": 93.97, "best_acc": 76.0, "epoch": 240, "temp": "2.7442426681518555", "decay_value": -1.0, "loss_ce": 0.277410776758194, "loss_kl": 1.7074184418487548, "loss_kd": 3.4741855516052245, "train_loss": 23.594628732910156, "_timestamp": 1729001567.4708204, "_runtime": 5126.967643499374, "_step": 239, "_wandb": {"runtime": 5121}}