{"temp": "3.174720287322998", "_timestamp": 1729047948.3737674, "_runtime": 5822.996890306473, "_step": 187919, "test_acc": 74.33, "test_acc_top5": 93.1, "best_acc": 74.48, "epoch": 240, "decay_value": -1.0, "loss_ce": 0.18621107925891875, "loss_kl": 1.2736396823883056, "loss_kd": 35.312780501708986, "train_loss": 5.917589646911621, "_wandb": {"runtime": 5817}}