{"test_acc": 76.41, "test_acc_top5": 93.89, "best_acc": 76.44, "epoch": 240, "temp": "2.749633312225342", "decay_value": -1.0, "loss_ce": 0.2635995948982239, "loss_kl": 1.672350400161743, "loss_kd": 3.4299655236816404, "train_loss": 23.22402126953125, "_timestamp": 1728992716.3870697, "_runtime": 4789.399189710617, "_step": 239, "_wandb": {"runtime": 4783}}